,WIN
0,0
1,0
2,1
3,1
4,1
5,1
6,1
7,0
8,1
9,1
10,1
11,0
12,1
13,0
14,1
15,1
16,0
17,1
18,1
19,0
20,0
21,1
22,0
23,0
24,0
25,0
26,0
27,1
28,1
29,0
30,1
31,1
32,0
33,1
34,0
35,0
36,1
37,1
38,0
39,1
40,0
41,1
42,1
43,0
44,1
45,1
46,0
47,0
48,0
49,0
50,1
51,1
52,0
53,0
54,0
55,1
56,0
57,1
58,0
59,1
60,1
61,0
62,1
63,1
64,0
65,0
66,1
67,1
68,1
69,1
70,0
71,0
72,0
73,1
74,1
75,1
76,1
77,1
78,1
79,0
80,1
81,1
82,0
83,0
84,0
85,1
86,1
87,0
88,0
89,1
90,0
91,1
92,0
93,0
94,1
95,0
96,1
97,0
98,1
99,0
100,1
101,0
102,1
103,0
104,0
105,0
106,0
107,1
108,1
109,0
110,1
111,0
112,1
113,0
114,0
115,0
116,1
117,1
118,1
119,1
120,1
121,1
122,1
123,0
124,1
125,1
126,0
127,0
128,1
129,0
130,1
131,1
132,0
133,0
134,0
135,1
136,1
137,1
138,1
139,0
140,1
141,0
142,1
143,1
144,0
145,0
146,1
147,0
148,1
149,0
150,1
151,0
152,1
153,1
154,0
155,0
156,1
157,0
158,1
159,1
160,1
161,0
162,0
163,0
164,1
165,1
166,1
167,1
168,1
169,1
170,0
171,0
172,0
173,0
174,1
175,1
176,1
177,1
178,1
179,0
180,1
181,1
182,1
183,1
184,1
185,0
186,1
187,0
188,1
189,0
190,0
191,1
192,0
193,0
194,0
195,1
196,1
197,1
198,1
199,1
200,0
201,0
202,1
203,1
204,1
205,1
206,1
207,1
208,1
209,0
210,1
211,0
212,0
213,1
214,1
215,1
216,0
217,0
218,1
219,1
220,0
221,0
222,0
223,1
224,0
225,0
226,1
227,1
228,0
229,1
230,0
231,0
232,0
233,0
234,0
235,1
236,0
237,1
238,0
239,1
240,0
241,0
242,0
243,0
244,0
245,1
246,0
247,0
248,0
249,1
250,0
251,1
252,1
253,1
254,0
255,0
256,1
257,1
258,1
259,0
260,0
261,1
262,0
263,1
264,1
265,1
266,0
267,0
268,1
269,1
270,0
271,1
272,0
273,0
274,0
275,1
276,1
277,1
278,0
279,0
280,0
281,1
282,0
283,0
284,0
285,1
286,1
287,0
288,1
289,0
290,0
291,0
292,1
293,1
294,0
295,1
296,1
297,1
298,1
299,0
300,0
301,1
302,0
303,0
304,0
305,1
306,0
307,1
308,1
309,0
310,0
311,0
312,1
313,1
314,1
315,0
316,1
317,0
318,1
319,0
320,0
321,0
322,1
323,0
324,1
325,1
326,1
327,0
328,1
329,1
330,1
331,0
332,1
333,1
334,1
335,0
336,0
337,0
338,1
339,0
340,1
341,1
342,0
343,1
344,1
345,1
346,0
347,1
348,1
349,1
350,0
351,0
352,0
353,0
354,1
355,0
356,0
357,1
358,0
359,1
360,0
361,1
362,0
363,1
364,1
365,1
366,1
367,1
368,1
369,1
370,0
371,0
372,1
373,1
374,0
375,0
376,1
377,1
378,0
379,0
380,1
381,1
382,1
383,1
384,0
385,0
386,0
387,1
388,1
389,0
390,1
391,0
392,0
393,1
394,0
395,1
396,0
397,1
398,1
399,0
400,0
401,0
402,1
403,0
404,1
405,1
406,0
407,1
408,1
409,1
410,1
411,0
412,1
413,1
414,0
415,1
416,0
417,0
418,0
419,0
420,1
421,1
422,0
423,1
424,1
425,1
426,0
427,1
428,0
429,1
430,0
431,1
432,1
433,0
434,0
435,0
436,0
437,0
438,0
439,1
440,1
441,1
442,1
443,1
444,0
445,0
446,0
447,0
448,1
449,0
450,0
451,1
452,1
453,1
454,1
455,1
456,0
457,0
458,1
459,1
460,0
461,0
462,0
463,1
464,0
465,0
466,1
467,0
468,0
469,1
470,0
471,1
472,1
473,0
474,0
475,1
476,1
477,0
478,1
479,0
480,1
481,1
482,1
483,1
484,1
485,0
486,1
487,0
488,1
489,0
490,1
491,1
492,1
493,0
494,0
495,0
496,1
497,1
498,0
499,1
500,0
501,1
502,0
503,1
504,1
505,0
506,1
507,0
508,1
509,0
510,0
511,0
512,0
513,0
514,0
515,1
516,0
517,0
518,1
519,0
520,1
521,1
522,0
523,0
524,0
525,1
526,0
527,0
528,1
529,0
530,1
531,0
532,1
533,0
534,1
535,1
536,0
537,0
538,1
539,1
540,1
541,1
542,0
543,0
544,1
545,1
546,1
547,1
548,0
549,1
550,0
551,0
552,1
553,0
554,1
555,0
556,0
557,1
558,1
559,1
560,0
561,1
562,0
563,0
564,1
565,0
566,1
567,0
568,1
569,0
570,1
571,0
572,0
573,1
574,1
575,0
576,0
577,1
578,0
579,0
580,1
581,0
582,0
583,0
584,1
585,0
586,1
587,1
588,1
589,1
590,0
591,1
592,0
593,0
594,1
595,0
596,0
597,1
598,1
599,0
600,0
601,0
602,1
603,0
604,1
605,1
606,1
607,0
608,1
609,0
610,0
611,0
612,1
613,0
614,0
615,1
616,0
617,0
618,0
619,1
620,1
621,1
622,0
623,0
624,0
625,0
626,0
627,1
628,1
629,0
630,1
631,1
632,1
633,0
634,1
635,1
636,1
637,0
638,0
639,1
640,1
641,1
642,1
643,0
644,0
645,0
646,0
647,1
648,1
649,1
650,0
651,0
652,1
653,0
654,0
655,0
656,1
657,0
658,0
659,0
660,0
661,1
662,0
663,1
664,0
665,0
666,0
667,0
668,0
669,1
670,1
671,1
672,1
673,0
674,1
675,0
676,1
677,0
678,1
679,0
680,0
681,1
682,1
683,0
684,1
685,1
686,0
687,0
688,1
689,1
690,1
691,1
692,1
693,0
694,0
695,0
696,0
697,0
698,1
699,0
700,0
701,0
702,1
703,0
704,0
705,1
706,0
707,1
708,0
709,1
710,0
711,0
712,1
713,1
714,0
715,1
716,1
717,0
718,1
719,0
720,1
721,0
722,0
723,0
724,0
725,1
726,0
727,0
728,1
729,1
730,0
731,1
732,0
733,1
734,0
735,0
736,0
737,0
738,1
739,0
740,0
741,0
742,1
743,0
744,0
745,1
746,0
747,1
748,0
749,1
750,0
751,0
752,1
753,1
754,1
755,1
756,0
757,1
758,1
759,0
760,0
761,0
762,0
763,1
764,1
765,0
766,0
767,0
768,0
769,0
770,1
771,0
772,1
773,0
774,0
775,0
776,1
777,1
778,1
779,1
780,0
781,1
782,0
783,1
784,0
785,0
786,1
787,1
788,0
789,0
790,0
791,1
792,0
793,1
794,0
795,1
796,0
797,1
798,0
799,0
800,1
801,1
802,0
803,1
804,1
805,0
806,0
807,1
808,0
809,1
810,0
811,1
812,0
813,1
814,0
815,1
816,1
817,0
818,0
819,0
820,1
821,1
822,0
823,1
824,1
825,0
826,1
827,0
828,0
829,0
830,1
831,1
832,0
833,1
834,1
835,0
836,1
837,1
838,0
839,0
840,0
841,1
842,1
843,0
844,0
845,0
846,0
847,1
848,0
849,1
850,1
851,0
852,0
853,1
854,1
855,1
856,1
857,1
858,0
859,0
860,1
861,0
862,0
863,0
864,1
865,1
866,1
867,0
868,1
869,0
870,1
871,1
872,1
873,1
874,1
875,0
876,0
877,1
878,0
879,0
880,0
881,1
882,1
883,1
884,0
885,1
886,0
887,0
888,1
889,0
890,0
891,0
892,1
893,1
894,1
895,0
896,1
897,0
898,1
899,1
900,1
901,0
902,1
903,1
904,0
905,0
906,1
907,0
908,0
909,1
910,0
911,0
912,0
913,0
914,1
915,0
916,1
917,1
918,0
919,0
920,0
921,1
922,0
923,1
924,1
925,1
926,0
927,0
928,0
929,0
930,1
931,0
932,1
933,1
934,1
935,1
936,1
937,1
938,1
939,1
940,1
941,1
942,1
943,1
944,1
945,0
946,0
947,0
948,1
949,1
950,0
951,1
952,0
953,0
954,1
955,0
956,0
957,0
958,0
959,0
960,1
961,0
962,0
963,0
964,0
965,1
966,1
967,1
968,0
969,0
970,0
971,0
972,1
973,0
974,1
975,1
976,1
977,0
978,1
979,0
980,1
981,0
982,0
983,1
984,0
985,1
986,1
987,1
988,1
989,0
990,1
991,0
992,1
993,1
994,0
995,0
996,0
997,0
998,0
999,1
1000,1
1001,0
1002,0
1003,0
1004,1
1005,0
1006,1
1007,1
1008,0
1009,0
1010,0
1011,1
1012,0
1013,0
1014,0
1015,0
1016,1
1017,0
1018,1
1019,1
1020,0
1021,1
1022,1
1023,1
1024,1
1025,0
1026,0
1027,0
1028,1
1029,0
1030,0
1031,1
1032,1
1033,1
1034,0
1035,1
1036,1
1037,0
1038,0
1039,0
1040,1
1041,1
1042,0
1043,0
1044,1
1045,1
1046,0
1047,1
1048,1
1049,1
1050,0
1051,1
1052,0
1053,1
1054,1
1055,1
1056,1
1057,1
1058,0
1059,1
1060,1
1061,1
1062,1
1063,0
1064,0
1065,1
1066,0
1067,1
1068,1
1069,1
1070,1
1071,0
1072,1
1073,0
1074,1
1075,0
1076,0
1077,1
1078,1
1079,0
1080,1
1081,0
1082,0
1083,0
1084,0
1085,1
1086,0
1087,0
1088,0
1089,1
1090,1
1091,1
1092,1
1093,1
1094,1
1095,0
1096,0
1097,0
1098,1
1099,1
1100,1
1101,0
1102,1
1103,0
1104,0
1105,1
1106,1
1107,1
1108,1
1109,1
1110,0
1111,1
1112,1
1113,0
1114,1
1115,0
1116,1
1117,0
1118,1
1119,0
1120,1
1121,1
1122,0
1123,0
1124,0
1125,0
1126,0
1127,1
1128,0
1129,1
1130,1
1131,1
1132,1
1133,0
1134,0
1135,0
1136,0
1137,1
1138,1
1139,1
1140,0
1141,1
1142,0
1143,0
1144,1
1145,1
1146,1
1147,0
1148,0
1149,1
1150,0
1151,1
1152,0
1153,1
1154,0
1155,0
1156,0
1157,1
1158,1
1159,1
1160,1
1161,0
1162,1
1163,1
1164,0
1165,1
1166,1
1167,1
1168,1
1169,0
1170,1
1171,1
1172,1
1173,0
1174,1
1175,1
1176,0
1177,0
1178,1
1179,0
1180,1
1181,0
1182,1
1183,0
1184,1
1185,0
1186,1
1187,1
1188,1
1189,0
1190,0
1191,0
1192,1
1193,0
1194,1
1195,0
1196,1
1197,1
1198,0
1199,1
1200,1
1201,1
1202,0
1203,0
1204,0
1205,0
1206,1
1207,1
1208,0
1209,1
1210,1
1211,1
1212,0
1213,1
1214,0
1215,1
1216,1
1217,1
1218,1
1219,1
1220,0
1221,1
1222,0
1223,0
1224,1
1225,1
1226,0
1227,1
1228,0
1229,1
1230,1
1231,1
1232,1
1233,0
1234,1
1235,1
1236,1
1237,0
1238,1
1239,0
1240,1
1241,0
1242,1
1243,0
1244,1
1245,0
1246,0
1247,1
1248,0
1249,0
1250,0
1251,0
1252,0
1253,0
1254,0
1255,0
1256,0
1257,1
1258,1
1259,1
1260,0
1261,0
1262,1
1263,0
1264,1
1265,0
1266,1
1267,0
1268,1
1269,0
1270,0
1271,1
1272,0
1273,0
1274,1
1275,1
1276,0
1277,1
1278,0
1279,0
1280,0
1281,1
1282,0
1283,0
1284,1
1285,1
1286,1
1287,1
1288,1
1289,1
1290,1
1291,0
1292,1
1293,1
1294,1
1295,1
1296,1
1297,1
1298,0
1299,1
1300,0
1301,0
1302,1
1303,0
1304,1
1305,1
1306,0
1307,1
1308,1
1309,1
1310,0
1311,0
1312,1
1313,0
1314,1
1315,1
1316,0
1317,0
1318,1
1319,1
1320,0
1321,1
1322,1
1323,0
1324,1
1325,0
1326,0
1327,0
1328,0
1329,1
1330,1
1331,1
1332,0
1333,1
1334,1
1335,1
1336,1
1337,1
1338,1
1339,1
1340,1
1341,1
1342,1
1343,0
1344,1
1345,0
1346,0
1347,1
1348,1
1349,0
1350,0
1351,1
1352,0
1353,1
1354,1
1355,1
1356,1
1357,1
1358,0
1359,1
1360,1
1361,0
1362,1
1363,1
1364,1
1365,0
1366,0
1367,1
1368,1
1369,1
1370,0
1371,1
1372,1
1373,0
1374,0
1375,0
1376,1
1377,0
1378,1
1379,1
1380,0
1381,0
1382,1
1383,1
1384,0
1385,1
1386,1
1387,1
1388,1
1389,1
1390,1
1391,1
1392,0
1393,1
1394,0
1395,0
1396,0
1397,0
1398,1
1399,1
1400,0
1401,0
1402,1
1403,0
1404,1
1405,0
1406,0
1407,1
1408,1
1409,0
1410,1
1411,1
1412,0
1413,1
1414,1
1415,1
1416,1
1417,0
1418,1
1419,0
1420,0
1421,0
1422,1
1423,1
1424,0
1425,1
1426,1
1427,0
1428,0
1429,0
1430,1
1431,1
1432,0
1433,1
1434,0
1435,0
1436,0
1437,0
1438,1
1439,0
1440,0
1441,1
1442,1
1443,0
1444,1
1445,0
1446,1
1447,1
1448,0
1449,1
1450,1
1451,1
1452,1
1453,1
1454,1
1455,1
1456,1
1457,0
1458,0
1459,1
1460,1
1461,1
1462,1
1463,0
1464,1
1465,1
1466,0
1467,0
1468,0
1469,1
1470,1
1471,0
1472,1
1473,0
1474,0
1475,0
1476,1
1477,0
1478,1
1479,0
1480,1
1481,0
1482,0
1483,0
1484,1
1485,0
1486,0
1487,1
1488,1
1489,0
1490,1
1491,0
1492,0
1493,0
1494,1
1495,1
1496,1
1497,0
1498,1
1499,1
1500,0
1501,1
1502,1
1503,1
1504,1
1505,0
1506,0
1507,1
1508,1
1509,0
1510,1
1511,0
1512,0
1513,1
1514,0
1515,0
1516,1
1517,1
1518,0
1519,0
1520,1
1521,0
1522,0
1523,0
1524,1
1525,1
1526,0
1527,0
1528,1
1529,0
1530,1
1531,1
1532,0
1533,0
1534,1
1535,1
1536,1
1537,1
1538,1
1539,1
1540,1
1541,1
1542,1
1543,0
1544,0
1545,1
1546,0
1547,0
1548,1
1549,0
1550,0
1551,0
1552,0
1553,0
1554,1
1555,0
1556,1
1557,1
1558,0
1559,1
1560,0
1561,0
1562,1
1563,1
1564,1
1565,0
1566,1
1567,0
1568,0
1569,1
1570,1
1571,1
1572,1
1573,1
1574,1
1575,0
1576,1
1577,1
1578,0
1579,1
1580,1
1581,0
1582,0
1583,1
1584,1
1585,1
1586,1
1587,1
1588,0
1589,1
1590,0
1591,1
1592,1
1593,1
1594,0
1595,0
1596,0
1597,0
1598,0
1599,0
1600,1
1601,1
1602,0
1603,1
1604,1
1605,0
1606,1
1607,1
1608,1
1609,0
1610,0
1611,0
1612,0
1613,0
1614,1
1615,0
1616,1
1617,1
1618,1
1619,1
1620,0
1621,0
1622,0
1623,1
1624,1
1625,1
1626,1
1627,1
1628,1
1629,1
1630,1
1631,0
1632,0
1633,0
1634,1
1635,0
1636,0
1637,1
1638,1
1639,0
1640,1
1641,0
1642,0
1643,0
1644,1
1645,0
1646,0
1647,1
1648,0
1649,1
1650,1
1651,0
1652,0
1653,1
1654,1
1655,1
1656,1
1657,0
1658,0
1659,1
1660,1
1661,1
1662,1
1663,0
1664,0
1665,0
1666,1
1667,1
1668,0
1669,1
1670,0
1671,1
1672,0
1673,0
1674,1
1675,0
1676,1
1677,0
1678,0
1679,0
1680,0
1681,0
1682,1
1683,1
1684,0
1685,1
1686,0
1687,0
1688,1
1689,0
1690,0
1691,0
1692,0
1693,0
1694,1
1695,0
1696,0
1697,1
1698,0
1699,1
1700,1
1701,0
1702,1
1703,1
1704,1
1705,1
1706,0
1707,1
1708,1
1709,1
1710,0
1711,0
1712,0
1713,0
1714,1
1715,0
1716,1
1717,1
1718,1
1719,0
1720,0
1721,1
1722,1
1723,0
1724,1
1725,0
1726,0
1727,1
1728,0
1729,1
1730,0
1731,1
1732,0
1733,1
1734,0
1735,1
1736,1
1737,1
1738,0
1739,1
1740,1
1741,1
1742,1
1743,1
1744,0
1745,0
1746,1
1747,0
1748,1
1749,1
1750,0
1751,1
1752,1
1753,1
1754,1
1755,0
1756,0
1757,0
1758,1
1759,1
1760,0
1761,1
1762,0
1763,1
1764,1
1765,0
1766,0
1767,0
1768,1
1769,0
1770,1
1771,0
1772,1
1773,1
1774,1
1775,1
1776,1
1777,1
1778,1
1779,0
1780,1
1781,0
1782,0
1783,1
1784,1
1785,1
1786,1
1787,1
1788,1
1789,1
1790,1
1791,1
1792,1
1793,0
1794,0
1795,1
1796,0
1797,0
1798,0
1799,1
1800,1
1801,0
1802,1
1803,0
1804,1
1805,1
1806,0
1807,1
1808,0
1809,1
1810,0
1811,0
1812,0
1813,1
1814,0
1815,1
1816,1
1817,0
1818,1
1819,0
1820,1
1821,1
1822,0
1823,0
1824,0
1825,1
1826,1
1827,1
1828,0
1829,1
1830,0
1831,1
1832,0
1833,0
1834,0
1835,1
1836,0
1837,1
1838,1
1839,1
1840,0
1841,1
1842,0
1843,0
1844,1
1845,1
1846,1
1847,1
1848,0
1849,0
1850,1
1851,1
1852,1
1853,0
1854,1
1855,0
1856,0
1857,1
1858,1
1859,0
1860,1
1861,0
1862,0
1863,1
1864,1
1865,0
1866,1
1867,0
1868,1
1869,0
1870,1
1871,0
1872,0
1873,0
1874,1
1875,1
1876,1
1877,1
1878,0
1879,1
1880,1
1881,1
1882,0
1883,1
1884,0
1885,1
1886,0
1887,0
1888,1
1889,0
1890,0
1891,1
1892,1
1893,0
1894,0
1895,1
1896,0
1897,0
1898,1
1899,1
1900,1
1901,1
1902,1
1903,1
1904,0
1905,0
1906,1
1907,1
1908,1
1909,0
1910,1
1911,1
1912,1
1913,1
1914,0
1915,1
1916,1
1917,0
1918,0
1919,1
1920,0
1921,0
1922,1
1923,1
1924,1
1925,0
1926,1
1927,1
1928,0
1929,1
1930,0
1931,1
1932,1
1933,0
1934,0
1935,1
1936,1
1937,0
1938,1
1939,1
1940,1
1941,1
1942,1
1943,0
1944,1
1945,0
1946,0
1947,1
1948,1
1949,1
1950,1
1951,1
1952,1
1953,0
1954,1
1955,1
1956,1
1957,1
1958,1
1959,1
1960,0
1961,1
1962,1
1963,0
1964,1
1965,0
1966,0
1967,1
1968,1
1969,0
1970,1
1971,1
1972,1
1973,0
1974,0
1975,0
1976,1
1977,0
1978,0
1979,1
1980,1
1981,0
1982,1
1983,0
1984,0
1985,0
1986,1
1987,1
1988,1
1989,0
1990,0
1991,0
1992,0
1993,1
1994,1
1995,1
1996,1
1997,0
1998,1
1999,0
2000,1
2001,1
2002,0
2003,1
2004,1
2005,0
2006,0
2007,1
2008,0
2009,1
2010,1
2011,1
2012,1
2013,0
2014,1
2015,0
2016,1
2017,1
2018,1
2019,0
2020,1
2021,1
2022,1
2023,1
2024,0
2025,0
2026,1
2027,0
2028,1
2029,0
2030,0
2031,0
2032,0
2033,1
2034,1
2035,0
2036,1
2037,0
2038,0
2039,1
2040,0
2041,1
2042,1
2043,0
2044,0
2045,0
2046,1
2047,0
2048,0
2049,1
2050,0
2051,1
2052,1
2053,1
2054,1
2055,0
2056,1
2057,1
2058,1
2059,1
2060,1
2061,1
2062,1
2063,0
2064,1
2065,0
2066,0
2067,0
2068,0
2069,1
2070,1
2071,1
2072,0
2073,0
2074,1
2075,0
2076,1
2077,0
2078,1
2079,0
2080,1
2081,1
2082,1
2083,0
2084,1
2085,1
2086,0
2087,1
2088,0
2089,1
2090,1
2091,1
2092,1
2093,0
2094,1
2095,1
2096,1
2097,0
2098,1
2099,1
2100,1
2101,1
2102,1
2103,1
2104,1
2105,1
2106,1
2107,0
2108,1
2109,1
2110,0
2111,0
2112,0
2113,1
2114,0
2115,1
2116,0
2117,0
2118,0
2119,0
2120,1
2121,0
2122,0
2123,0
2124,1
2125,0
2126,0
2127,1
2128,1
2129,0
2130,0
2131,0
2132,0
2133,0
2134,0
2135,0
2136,1
2137,1
2138,1
2139,1
2140,0
2141,1
2142,1
2143,0
2144,1
2145,0
2146,0
2147,1
2148,0
2149,1
2150,1
2151,0
2152,1
2153,1
2154,1
2155,0
2156,1
2157,0
2158,0
2159,1
2160,1
2161,0
2162,0
2163,1
2164,1
2165,1
2166,1
2167,1
2168,0
2169,0
2170,1
2171,0
2172,0
2173,1
2174,1
2175,1
2176,0
2177,1
2178,0
2179,1
2180,0
2181,0
2182,1
2183,1
2184,1
2185,1
2186,0
2187,0
2188,0
2189,1
2190,0
2191,0
2192,1
2193,0
2194,1
2195,0
2196,0
2197,1
2198,1
2199,0
2200,0
2201,1
2202,1
2203,1
2204,1
2205,1
2206,1
2207,0
2208,1
2209,0
2210,1
2211,0
2212,1
2213,1
2214,1
2215,1
2216,0
2217,1
2218,1
2219,1
2220,0
2221,1
2222,1
2223,0
2224,1
2225,1
2226,1
2227,1
2228,0
2229,1
2230,0
2231,0
2232,1
2233,1
2234,0
2235,1
2236,0
2237,0
2238,1
2239,1
2240,0
2241,1
2242,1
2243,0
2244,1
2245,0
2246,1
2247,0
2248,0
2249,1
2250,1
2251,0
2252,0
2253,0
2254,0
2255,1
2256,0
2257,0
2258,1
2259,1
2260,1
2261,1
2262,1
2263,1
2264,0
2265,1
2266,1
2267,1
2268,1
2269,1
2270,1
2271,0
2272,0
2273,0
2274,1
2275,1
2276,0
2277,1
2278,1
2279,0
2280,0
2281,1
2282,1
2283,0
2284,0
2285,0
2286,1
2287,1
2288,1
2289,1
2290,1
2291,1
2292,1
2293,0
2294,1
2295,0
2296,1
2297,1
2298,0
2299,1
2300,0
2301,1
2302,0
2303,1
2304,1
2305,0
2306,1
2307,1
2308,1
2309,1
2310,1
2311,0
2312,1
2313,0
2314,0
2315,0
2316,1
2317,1
2318,0
2319,0
2320,0
2321,0
2322,1
2323,1
2324,1
2325,0
2326,1
2327,0
2328,0
2329,0
2330,0
2331,1
2332,0
2333,0
2334,1
2335,1
2336,1
2337,1
2338,0
2339,1
2340,0
2341,0
2342,0
2343,0
2344,1
2345,1
2346,1
2347,1
2348,1
2349,0
2350,1
2351,1
2352,0
2353,0
2354,0
2355,0
2356,1
2357,0
2358,1
2359,1
2360,1
2361,0
2362,0
2363,1
2364,1
2365,1
2366,0
2367,1
2368,0
2369,0
2370,1
2371,0
2372,1
2373,0
2374,1
2375,0
2376,1
2377,0
2378,1
2379,1
2380,0
2381,1
2382,1
2383,1
2384,1
2385,0
2386,1
2387,1
2388,0
2389,0
2390,1
2391,1
2392,0
2393,0
2394,1
2395,0
2396,1
2397,1
2398,0
2399,0
2400,1
2401,1
2402,1
2403,0
2404,1
2405,0
2406,0
2407,1
2408,0
2409,1
2410,1
2411,1
2412,0
2413,0
2414,1
2415,1
2416,1
2417,0
2418,0
2419,1
2420,1
2421,0
2422,0
2423,1
2424,0
2425,1
2426,0
2427,0
2428,0
2429,1
2430,1
2431,1
2432,1
2433,1
2434,1
2435,0
2436,1
2437,0
2438,0
2439,1
2440,0
2441,1
2442,1
2443,1
2444,0
2445,0
2446,0
2447,0
2448,1
2449,0
2450,0
2451,1
2452,0
2453,0
2454,0
2455,1
2456,0
2457,0
2458,1
2459,0
2460,0
2461,1
2462,1
2463,1
2464,1
2465,1
2466,1
2467,1
2468,0
2469,0
2470,0
2471,0
2472,0
2473,1
2474,1
2475,0
2476,1
2477,0
2478,1
2479,0
2480,1
2481,1
2482,0
2483,0
2484,1
2485,1
2486,0
2487,1
2488,0
2489,0
2490,1
2491,1
2492,0
2493,0
2494,1
2495,1
2496,1
2497,1
2498,0
2499,0
2500,1
2501,0
2502,0
2503,1
2504,0
2505,1
2506,0
2507,1
2508,1
2509,1
2510,0
2511,1
2512,0
2513,1
2514,1
2515,1
2516,1
2517,0
2518,0
2519,1
2520,0
2521,1
2522,0
2523,1
2524,1
2525,1
2526,0
2527,1
2528,1
2529,1
2530,0
2531,0
2532,1
2533,0
2534,1
2535,1
2536,1
2537,0
2538,1
2539,1
2540,1
2541,0
2542,1
2543,0
2544,0
2545,1
2546,1
2547,0
2548,0
2549,0
2550,1
2551,1
2552,0
2553,1
2554,0
2555,1
2556,1
2557,1
2558,1
2559,1
2560,1
2561,0
2562,1
2563,1
2564,0
2565,1
2566,0
2567,1
2568,0
2569,0
2570,0
2571,1
2572,1
2573,0
2574,1
2575,1
2576,0
2577,0
2578,0
2579,0
2580,0
2581,0
2582,0
2583,0
2584,0
2585,1
2586,1
2587,0
2588,0
2589,1
2590,1
2591,1
2592,0
2593,0
2594,0
2595,1
2596,0
2597,0
2598,0
2599,1
2600,0
2601,0
2602,1
2603,1
2604,1
2605,0
2606,0
2607,1
2608,0
2609,0
2610,1
2611,1
2612,0
2613,1
2614,1
2615,0
2616,0
2617,0
2618,1
2619,1
2620,1
2621,1
2622,1
2623,0
2624,1
2625,0
2626,0
2627,1
2628,1
2629,0
2630,1
2631,0
2632,1
2633,1
2634,1
2635,0
2636,0
2637,0
2638,0
2639,0
2640,0
2641,1
2642,0
2643,0
2644,0
2645,0
2646,1
2647,1
2648,1
2649,0
2650,1
2651,1
2652,0
2653,0
2654,1
2655,1
2656,1
2657,1
2658,1
2659,1
2660,0
2661,0
2662,1
2663,1
2664,0
2665,1
2666,1
2667,1
2668,0
2669,1
2670,1
2671,1
2672,1
2673,1
2674,1
2675,0
2676,0
2677,0
2678,1
2679,0
2680,0
2681,0
2682,1
2683,1
2684,1
2685,0
2686,1
2687,0
2688,0
2689,0
2690,1
2691,0
2692,0
2693,0
2694,1
2695,0
2696,1
2697,0
2698,0
2699,1
2700,0
2701,0
2702,1
2703,0
2704,0
2705,1
2706,1
2707,1
2708,1
2709,0
2710,1
2711,1
2712,0
2713,1
2714,1
2715,1
2716,1
2717,0
2718,0
2719,0
2720,0
2721,0
2722,0
2723,1
2724,0
2725,1
2726,0
2727,1
2728,0
2729,0
2730,0
2731,0
2732,1
2733,1
2734,1
2735,0
2736,1
2737,0
2738,0
2739,1
2740,0
2741,1
2742,0
2743,1
2744,1
2745,1
2746,1
2747,1
2748,1
2749,1
2750,1
2751,1
2752,0
2753,1
2754,1
2755,0
2756,0
2757,0
2758,1
2759,0
2760,1
2761,0
2762,1
2763,1
2764,0
2765,0
2766,0
2767,1
2768,1
2769,1
2770,0
2771,1
2772,1
2773,1
2774,1
2775,1
2776,0
2777,0
2778,1
2779,1
2780,1
2781,0
2782,0
2783,1
2784,0
2785,1
2786,1
2787,1
2788,1
2789,0
2790,1
2791,0
2792,1
2793,1
2794,1
2795,1
2796,1
2797,1
2798,0
2799,1
2800,1
2801,1
2802,0
2803,1
2804,1
2805,0
2806,1
2807,1
2808,0
2809,0
2810,0
2811,1
2812,1
2813,1
2814,1
2815,1
2816,1
2817,0
2818,0
2819,0
2820,0
2821,1
2822,0
2823,1
2824,0
2825,0
2826,0
2827,0
2828,1
2829,1
2830,0
2831,1
2832,1
2833,1
2834,0
2835,0
2836,1
2837,0
2838,1
2839,1
2840,1
2841,1
2842,0
2843,1
2844,0
2845,0
2846,0
2847,1
2848,1
2849,0
2850,1
2851,0
2852,1
2853,1
2854,0
2855,1
2856,1
2857,1
2858,0
2859,1
2860,0
2861,1
2862,1
2863,1
2864,1
2865,0
2866,1
2867,0
2868,0
2869,1
2870,1
2871,0
2872,1
2873,1
2874,1
2875,1
2876,1
2877,1
2878,1
2879,0
2880,0
2881,1
2882,0
2883,0
2884,0
2885,1
2886,0
2887,1
2888,0
2889,0
2890,1
2891,1
2892,0
2893,1
2894,0
2895,0
2896,1
2897,0
2898,1
2899,1
2900,1
2901,1
2902,0
2903,1
2904,0
2905,1
2906,1
2907,0
2908,1
2909,0
2910,0
2911,1
2912,1
2913,0
2914,0
2915,1
2916,1
2917,0
2918,0
2919,0
2920,0
2921,0
2922,0
2923,1
2924,1
2925,0
2926,0
2927,0
2928,1
2929,1
2930,1
2931,0
2932,0
2933,1
2934,1
2935,1
2936,0
2937,1
2938,0
2939,0
2940,1
2941,1
2942,0
2943,0
2944,0
2945,1
2946,1
2947,1
2948,1
2949,1
2950,1
2951,0
2952,0
2953,1
2954,0
2955,1
2956,0
2957,1
2958,1
2959,1
2960,1
2961,1
2962,1
2963,1
2964,1
2965,1
2966,0
2967,1
2968,0
2969,1
2970,0
2971,1
2972,1
2973,0
2974,1
2975,0
2976,0
2977,1
2978,1
2979,1
2980,1
2981,1
2982,1
2983,0
2984,0
2985,1
2986,1
2987,0
2988,1
2989,1
2990,0
2991,1
2992,0
2993,0
2994,1
2995,0
2996,0
2997,0
2998,0
2999,1
3000,1
3001,1
3002,1
3003,0
3004,1
3005,0
3006,0
3007,1
3008,0
3009,0
3010,1
3011,0
3012,0
3013,0
3014,0
3015,1
3016,1
3017,1
3018,1
3019,0
3020,0
3021,0
3022,0
3023,1
3024,0
3025,0
3026,1
3027,1
3028,1
3029,1
3030,0
3031,1
3032,0
3033,0
3034,1
3035,0
3036,0
3037,1
3038,0
3039,1
3040,0
3041,1
3042,1
3043,1
3044,0
3045,1
3046,0
3047,1
3048,1
3049,1
3050,1
3051,1
3052,0
3053,1
3054,0
3055,1
3056,0
3057,1
3058,0
3059,0
3060,1
3061,0
3062,1
3063,1
3064,0
3065,1
3066,1
3067,0
3068,1
3069,1
3070,0
3071,1
3072,1
3073,1
3074,0
3075,1
3076,0
3077,1
3078,0
3079,0
3080,1
3081,1
3082,1
3083,1
3084,1
3085,1
3086,0
3087,1
3088,1
3089,0
3090,0
3091,1
3092,0
3093,1
3094,1
3095,1
3096,1
3097,1
3098,0
3099,1
3100,1
3101,0
3102,0
3103,1
3104,0
3105,1
3106,0
3107,0
3108,0
3109,1
3110,0
3111,1
3112,0
3113,1
3114,0
3115,0
3116,1
3117,0
3118,1
3119,0
3120,1
3121,0
3122,0
3123,1
3124,0
3125,0
3126,0
3127,1
3128,1
3129,1
3130,0
3131,0
3132,1
3133,0
3134,1
3135,0
3136,0
3137,0
3138,0
3139,1
3140,1
3141,0
3142,1
3143,0
3144,0
3145,1
3146,0
3147,0
3148,0
3149,0
3150,1
3151,1
3152,1
3153,0
3154,0
3155,0
3156,0
3157,0
3158,0
3159,0
3160,1
3161,0
3162,1
3163,1
3164,1
3165,1
3166,0
3167,1
3168,0
3169,0
3170,1
3171,1
3172,1
3173,0
3174,1
3175,1
3176,0
3177,0
3178,0
3179,0
3180,1
3181,0
3182,0
3183,1
3184,1
3185,0
3186,0
3187,1
3188,1
3189,0
3190,1
3191,0
3192,0
3193,1
3194,1
3195,1
3196,1
3197,0
3198,1
3199,1
3200,0
3201,0
3202,0
3203,1
3204,1
3205,0
3206,1
3207,0
3208,0
3209,1
3210,0
3211,0
3212,0
3213,1
3214,1
3215,0
3216,0
3217,1
3218,0
3219,0
3220,1
3221,0
3222,1
3223,1
3224,0
3225,0
3226,0
3227,1
3228,0
3229,0
3230,1
3231,0
3232,0
3233,1
3234,0
3235,1
3236,0
3237,0
3238,1
3239,0
3240,1
3241,0
3242,1
3243,0
3244,0
3245,0
3246,0
3247,1
3248,0
3249,1
3250,0
3251,1
3252,1
3253,0
3254,0
3255,1
3256,1
3257,0
3258,0
3259,0
3260,1
3261,1
3262,1
3263,1
3264,0
3265,1
3266,0
3267,1
3268,1
3269,1
3270,0
3271,0
3272,0
3273,0
3274,0
3275,0
3276,0
3277,1
3278,1
3279,1
3280,0
3281,1
3282,0
3283,0
3284,0
3285,1
3286,0
3287,0
3288,1
3289,0
3290,1
3291,1
3292,0
3293,0
3294,1
3295,0
3296,1
3297,1
3298,1
3299,1
3300,1
3301,0
3302,0
3303,1
3304,1
3305,1
3306,0
3307,0
3308,0
3309,0
3310,0
3311,1
3312,1
3313,1
3314,1
3315,1
3316,1
3317,1
3318,0
3319,1
3320,0
3321,0
3322,0
3323,1
3324,0
3325,0
3326,0
3327,1
3328,1
3329,1
3330,1
3331,1
3332,1
3333,1
3334,1
3335,1
3336,1
3337,0
3338,0
3339,1
3340,0
3341,1
3342,0
3343,0
3344,0
3345,1
3346,1
3347,1
3348,1
3349,1
3350,1
3351,1
3352,1
3353,1
3354,1
3355,1
3356,0
3357,1
3358,1
3359,1
3360,0
3361,1
3362,1
3363,1
3364,0
3365,1
3366,1
3367,0
3368,1
3369,0
3370,1
3371,0
3372,0
3373,0
3374,1
3375,1
3376,0
3377,0
3378,0
3379,1
3380,0
3381,0
3382,1
3383,0
3384,1
3385,1
3386,0
3387,1
3388,1
3389,1
3390,1
3391,0
3392,1
3393,0
3394,1
3395,1
3396,1
3397,0
3398,1
3399,1
3400,1
3401,1
3402,1
3403,0
3404,0
3405,0
3406,0
3407,0
3408,1
3409,0
3410,0
3411,1
3412,0
3413,1
3414,1
3415,1
3416,0
3417,1
3418,0
3419,0
3420,1
3421,0
3422,1
3423,1
3424,1
3425,1
3426,1
3427,1
3428,1
3429,1
3430,1
3431,1
3432,0
3433,1
3434,1
3435,1
3436,1
3437,0
3438,1
3439,0
3440,0
3441,0
3442,1
3443,0
3444,1
3445,0
3446,1
3447,1
3448,1
3449,1
3450,0
3451,0
3452,0
3453,0
3454,1
3455,0
3456,1
3457,1
3458,0
3459,0
3460,0
3461,0
3462,1
3463,0
3464,0
3465,1
3466,0
3467,1
3468,0
3469,1
3470,0
3471,1
3472,1
3473,1
3474,0
3475,0
3476,1
3477,1
3478,0
3479,1
3480,0
3481,0
3482,0
3483,0
3484,1
3485,1
3486,0
3487,0
3488,1
3489,0
3490,0
3491,1
3492,1
3493,0
3494,0
3495,1
3496,1
3497,1
3498,1
3499,1
3500,0
3501,0
3502,1
3503,0
3504,1
3505,1
3506,0
3507,0
3508,1
3509,1
3510,0
3511,0
3512,1
3513,1
3514,0
3515,1
3516,1
3517,1
3518,1
3519,1
3520,0
3521,1
3522,0
3523,1
3524,1
3525,0
3526,1
3527,1
3528,0
3529,0
3530,1
3531,0
3532,0
3533,0
3534,0
3535,1
3536,0
3537,1
3538,0
3539,1
3540,1
3541,0
3542,1
3543,0
3544,0
3545,0
3546,0
3547,1
3548,1
3549,0
3550,1
3551,0
3552,0
3553,0
3554,1
3555,1
3556,0
3557,1
3558,0
3559,1
3560,1
3561,0
3562,0
3563,0
3564,1
3565,1
3566,1
3567,0
3568,1
3569,1
3570,0
3571,0
3572,1
3573,0
3574,0
3575,0
3576,0
3577,1
3578,0
3579,1
3580,1
3581,1
3582,1
3583,1
3584,1
3585,1
3586,1
3587,0
3588,0
3589,1
3590,0
3591,1
3592,1
3593,1
3594,1
3595,0
3596,1
3597,0
3598,1
3599,1
3600,1
3601,0
3602,1
3603,0
3604,0
3605,1
3606,0
3607,0
3608,0
3609,1
3610,0
3611,1
3612,1
3613,0
3614,0
3615,0
3616,0
3617,0
3618,0
3619,1
3620,1
3621,1
3622,0
3623,1
3624,0
3625,1
3626,1
3627,0
3628,1
3629,0
3630,1
3631,1
3632,1
3633,1
3634,0
3635,0
3636,1
3637,0
3638,1
3639,1
3640,1
3641,1
3642,0
3643,0
3644,0
3645,1
3646,1
3647,1
3648,0
3649,1
3650,0
3651,1
3652,0
3653,0
3654,0
3655,0
3656,0
3657,1
3658,1
3659,0
3660,1
3661,1
3662,1
3663,0
3664,0
3665,0
3666,0
3667,0
3668,1
3669,0
3670,0
3671,1
3672,1
3673,1
3674,0
3675,1
3676,0
3677,1
3678,0
3679,0
3680,1
3681,0
3682,1
3683,1
3684,1
3685,0
3686,1
3687,1
3688,1
3689,1
3690,1
3691,1
3692,0
3693,1
3694,0
3695,1
3696,1
3697,0
3698,1
3699,0
3700,0
3701,1
3702,1
3703,0
3704,0
3705,0
3706,1
3707,1
3708,1
3709,0
3710,0
3711,1
3712,1
3713,1
3714,0
3715,1
3716,1
3717,1
3718,0
3719,1
3720,1
3721,0
3722,0
3723,1
3724,1
3725,0
3726,0
3727,1
3728,1
3729,1
3730,1
3731,1
3732,0
3733,1
3734,1
3735,1
3736,0
3737,1
3738,0
3739,1
3740,1
3741,0
3742,1
3743,1
3744,0
3745,0
3746,1
3747,0
3748,0
3749,0
3750,0
3751,0
3752,1
3753,1
3754,0
3755,1
3756,1
3757,0
3758,1
3759,0
3760,0
3761,1
3762,1
3763,0
3764,1
3765,0
3766,1
3767,1
3768,0
3769,1
3770,1
3771,0
3772,0
3773,0
3774,0
3775,1
3776,1
3777,0
3778,0
3779,0
3780,1
3781,0
3782,1
3783,0
3784,1
3785,1
3786,0
3787,1
3788,1
3789,0
3790,0
3791,1
3792,1
3793,1
3794,1
3795,0
3796,0
3797,0
3798,1
3799,1
3800,1
3801,1
3802,1
3803,1
3804,0
3805,1
3806,1
3807,0
3808,0
3809,0
3810,1
3811,1
3812,0
3813,0
3814,1
3815,0
3816,1
3817,0
3818,0
3819,1
3820,0
3821,1
3822,0
3823,1
3824,0
3825,1
3826,0
3827,1
3828,0
3829,0
3830,0
3831,0
3832,1
3833,1
3834,0
3835,1
3836,0
3837,1
3838,0
3839,0
3840,0
3841,1
3842,1
3843,1
3844,1
3845,1
3846,1
3847,1
3848,0
3849,1
3850,1
3851,0
3852,0
3853,1
3854,0
3855,1
3856,1
3857,0
3858,0
3859,0
3860,1
3861,1
3862,1
3863,1
3864,0
3865,1
3866,0
3867,1
3868,1
3869,0
3870,0
3871,1
3872,0
3873,1
3874,0
3875,1
3876,0
3877,1
3878,1
3879,0
3880,0
3881,1
3882,0
3883,1
3884,1
3885,1
3886,0
3887,0
3888,0
3889,1
3890,1
3891,1
3892,1
3893,1
3894,1
3895,0
3896,0
3897,0
3898,0
3899,1
3900,1
3901,1
3902,1
3903,1
3904,0
3905,1
3906,1
3907,1
3908,1
3909,1
3910,0
3911,1
3912,0
3913,1
3914,0
3915,0
3916,1
3917,0
3918,0
3919,0
3920,1
3921,1
3922,1
3923,1
3924,1
3925,0
3926,0
3927,1
3928,1
3929,1
3930,1
3931,1
3932,1
3933,1
3934,0
3935,1
3936,0
3937,0
3938,1
3939,1
3940,1
3941,0
3942,0
3943,1
3944,1
3945,0
3946,0
3947,0
3948,1
3949,0
3950,0
3951,1
3952,1
3953,0
3954,1
3955,0
3956,0
3957,0
3958,0
3959,0
3960,1
3961,0
3962,1
3963,0
3964,1
3965,0
3966,0
3967,0
3968,0
3969,0
3970,1
3971,0
3972,0
3973,0
3974,1
3975,0
3976,1
3977,1
3978,1
3979,0
3980,0
3981,1
3982,1
3983,1
3984,0
3985,0
3986,1
3987,0
3988,1
3989,1
3990,1
3991,0
3992,0
3993,1
3994,1
3995,0
3996,1
3997,0
3998,0
3999,0
4000,1
4001,1
4002,1
4003,0
4004,0
4005,0
4006,1
4007,0
4008,0
4009,0
4010,1
4011,1
4012,0
4013,1
4014,0
4015,0
4016,0
4017,1
4018,1
4019,0
4020,1
4021,1
4022,1
4023,1
4024,0
4025,0
4026,1
4027,0
4028,0
4029,0
4030,1
4031,0
4032,1
4033,1
4034,0
4035,0
4036,0
4037,1
4038,1
4039,1
4040,0
4041,1
4042,0
4043,1
4044,0
4045,0
4046,0
4047,1
4048,0
4049,1
4050,1
4051,1
4052,0
4053,1
4054,1
4055,1
4056,0
4057,1
4058,1
4059,1
4060,0
4061,0
4062,0
4063,1
4064,0
4065,1
4066,1
4067,0
4068,1
4069,1
4070,1
4071,0
4072,1
4073,1
4074,1
4075,0
4076,0
4077,0
4078,0
4079,1
4080,0
4081,0
4082,1
4083,0
4084,1
4085,0
4086,1
4087,0
4088,1
4089,1
4090,1
4091,1
4092,1
4093,1
4094,1
4095,0
4096,0
4097,1
4098,1
4099,0
4100,0
4101,1
4102,1
4103,0
4104,0
4105,1
4106,1
4107,1
4108,1
4109,0
4110,0
4111,0
4112,1
4113,1
4114,0
4115,1
4116,0
4117,0
4118,1
4119,0
4120,1
4121,0
4122,1
4123,1
4124,0
4125,0
4126,0
4127,1
4128,0
4129,1
4130,1
4131,0
4132,1
4133,1
4134,1
4135,1
4136,0
4137,1
4138,1
4139,0
4140,1
4141,0
4142,0
4143,0
4144,0
4145,1
4146,1
4147,0
4148,1
4149,1
4150,1
4151,0
4152,1
4153,0
4154,1
4155,0
4156,1
4157,1
4158,0
4159,0
4160,0
4161,0
4162,0
4163,0
4164,1
4165,1
4166,1
4167,1
4168,1
4169,0
4170,0
4171,0
4172,0
4173,1
4174,0
4175,0
4176,1
4177,1
4178,1
4179,1
4180,1
4181,0
4182,0
4183,1
4184,1
4185,0
4186,0
4187,0
4188,1
4189,0
4190,0
4191,1
4192,0
4193,0
4194,1
4195,0
4196,1
4197,1
4198,0
4199,0
4200,1
4201,1
4202,0
4203,1
4204,0
4205,1
4206,1
4207,1
4208,1
4209,1
4210,0
4211,1
4212,0
4213,1
4214,0
4215,1
4216,1
4217,1
4218,0
4219,0
4220,0
4221,1
4222,1
4223,0
4224,1
4225,0
4226,1
4227,0
4228,1
4229,1
4230,0
4231,1
4232,0
4233,1
4234,0
4235,0
4236,0
4237,0
4238,0
4239,0
4240,1
4241,0
4242,0
4243,1
4244,0
4245,1
4246,1
4247,0
4248,0
4249,0
4250,1
4251,0
4252,0
4253,1
4254,0
4255,1
4256,0
4257,1
4258,0
4259,1
4260,1
4261,0
4262,0
4263,1
4264,1
4265,1
4266,1
4267,0
4268,0
4269,1
4270,1
4271,1
4272,1
4273,0
4274,1
4275,0
4276,0
4277,1
4278,0
4279,1
4280,0
4281,0
4282,1
4283,1
4284,1
4285,0
4286,1
4287,0
4288,0
4289,1
4290,0
4291,1
4292,0
4293,1
4294,0
4295,1
4296,0
4297,0
4298,1
4299,1
4300,0
4301,0
4302,1
4303,0
4304,0
4305,1
4306,0
4307,0
4308,0
4309,1
4310,0
4311,1
4312,1
4313,1
4314,1
4315,0
4316,1
4317,0
4318,0
4319,1
4320,0
4321,0
4322,1
4323,1
4324,0
4325,0
4326,0
4327,1
4328,0
4329,1
4330,1
4331,1
4332,0
4333,1
4334,0
4335,0
4336,0
4337,1
4338,0
4339,0
4340,1
4341,0
4342,0
4343,0
4344,1
4345,1
4346,1
4347,0
4348,0
4349,0
4350,0
4351,0
4352,1
4353,1
4354,0
4355,1
4356,1
4357,1
4358,0
4359,1
4360,1
4361,1
4362,0
4363,0
4364,1
4365,1
4366,1
4367,1
4368,0
4369,0
4370,0
4371,0
4372,1
4373,1
4374,1
4375,0
4376,0
4377,1
4378,0
4379,0
4380,0
4381,1
4382,0
4383,0
4384,0
4385,0
4386,1
4387,0
4388,1
4389,0
4390,0
4391,0
4392,0
4393,0
4394,1
4395,1
4396,1
4397,1
4398,0
4399,1
4400,0
4401,1
4402,0
4403,1
4404,0
4405,0
4406,1
4407,1
4408,0
4409,1
4410,1
4411,0
4412,0
4413,1
4414,1
4415,1
4416,1
4417,1
4418,0
4419,0
4420,0
4421,0
4422,0
4423,1
4424,0
4425,0
4426,0
4427,1
4428,0
4429,0
4430,1
4431,0
4432,1
4433,0
4434,1
4435,0
4436,0
4437,1
4438,1
4439,0
4440,1
4441,1
4442,0
4443,1
4444,0
4445,1
4446,0
4447,0
4448,0
4449,0
4450,1
4451,0
4452,0
4453,1
4454,1
4455,0
4456,1
4457,0
4458,1
4459,0
4460,0
4461,0
4462,0
4463,1
4464,0
4465,0
4466,0
4467,1
4468,0
4469,0
4470,1
4471,0
4472,1
4473,0
4474,1
4475,0
4476,0
4477,1
4478,1
4479,1
4480,1
4481,0
4482,1
4483,1
4484,0
4485,0
4486,0
4487,0
4488,1
4489,1
4490,0
4491,0
4492,0
4493,0
4494,0
4495,1
4496,0
4497,1
4498,0
4499,0
4500,0
4501,1
4502,1
4503,1
4504,1
4505,0
4506,1
4507,0
4508,1
4509,0
4510,0
4511,1
4512,1
4513,0
4514,0
4515,0
4516,1
4517,0
4518,1
4519,0
4520,1
4521,0
4522,1
4523,0
4524,0
4525,1
4526,1
4527,0
4528,1
4529,1
4530,0
4531,0
4532,1
4533,0
4534,1
4535,0
4536,1
4537,0
4538,1
4539,0
4540,1
4541,1
4542,0
4543,0
4544,0
4545,1
4546,1
4547,0
4548,1
4549,1
4550,0
4551,1
4552,0
4553,0
4554,0
4555,1
4556,1
4557,0
4558,1
4559,1
4560,0
4561,1
4562,1
4563,0
4564,0
4565,0
4566,1
4567,1
4568,0
4569,0
4570,0
4571,0
4572,1
4573,0
4574,1
4575,1
4576,0
4577,0
4578,1
4579,1
4580,1
4581,1
4582,1
4583,0
4584,0
4585,1
4586,0
4587,0
4588,0
4589,1
4590,1
4591,1
4592,0
4593,1
4594,0
4595,1
4596,1
4597,1
4598,1
4599,1
4600,0
4601,0
4602,1
4603,0
4604,0
4605,0
4606,1
4607,1
4608,1
4609,0
4610,1
4611,0
4612,0
4613,1
4614,0
4615,0
4616,0
4617,1
4618,1
4619,1
4620,0
4621,1
4622,0
4623,1
4624,1
4625,1
4626,0
4627,1
4628,1
4629,0
4630,0
4631,1
4632,0
4633,0
4634,1
4635,0
4636,0
4637,0
4638,0
4639,1
4640,0
4641,1
4642,1
4643,0
4644,0
4645,0
4646,1
4647,0
4648,1
4649,1
4650,1
4651,0
4652,0
4653,0
4654,0
4655,1
4656,0
4657,1
4658,1
4659,1
4660,1
4661,1
4662,1
4663,1
4664,1
4665,1
4666,1
4667,1
4668,1
4669,1
4670,0
4671,0
4672,0
4673,1
4674,1
4675,0
4676,1
4677,0
4678,0
4679,1
4680,0
4681,0
4682,0
4683,0
4684,0
4685,1
4686,0
4687,0
4688,0
4689,0
4690,1
4691,1
4692,1
4693,0
4694,0
4695,0
4696,0
4697,1
4698,0
4699,1
4700,1
4701,1
4702,0
4703,1
4704,0
4705,1
4706,0
4707,0
4708,1
4709,0
4710,1
4711,1
4712,1
4713,1
4714,0
4715,1
4716,0
4717,1
4718,1
4719,0
4720,0
4721,0
4722,0
4723,0
4724,1
4725,1
4726,0
4727,0
4728,0
4729,1
4730,0
4731,1
4732,1
4733,0
4734,0
4735,0
4736,1
4737,0
4738,0
4739,0
4740,0
4741,1
4742,0
4743,1
4744,1
4745,0
4746,1
4747,1
4748,1
4749,1
4750,0
4751,0
4752,0
4753,1
4754,0
4755,0
4756,1
4757,1
4758,1
4759,0
4760,1
4761,1
4762,0
4763,0
4764,0
4765,1
4766,1
4767,0
4768,0
4769,1
4770,1
4771,0
4772,1
4773,1
4774,1
4775,0
4776,1
4777,0
4778,1
4779,1
4780,1
4781,1
4782,1
4783,0
4784,1
4785,1
4786,1
4787,1
4788,0
4789,0
4790,1
4791,0
4792,1
4793,1
4794,1
4795,1
4796,0
4797,1
4798,0
4799,1
4800,0
4801,0
4802,1
4803,1
4804,0
4805,1
4806,0
4807,0
4808,0
4809,0
4810,1
4811,0
4812,0
4813,0
4814,1
4815,1
4816,1
4817,1
4818,1
4819,1
4820,0
4821,0
4822,0
4823,1
4824,1
4825,1
4826,0
4827,1
4828,0
4829,0
4830,1
4831,1
4832,1
4833,1
4834,1
4835,0
4836,1
4837,1
4838,0
4839,1
4840,0
4841,1
4842,0
4843,1
4844,0
4845,1
4846,1
4847,0
4848,0
4849,0
4850,0
4851,0
4852,1
4853,0
4854,1
4855,1
4856,1
4857,1
4858,0
4859,0
4860,0
4861,0
4862,1
4863,1
4864,1
4865,0
4866,1
4867,0
4868,0
4869,1
4870,1
4871,1
4872,0
4873,0
4874,1
4875,0
4876,1
4877,0
4878,1
4879,0
4880,0
4881,0
4882,1
4883,1
4884,1
4885,1
4886,0
4887,1
4888,1
4889,0
4890,1
4891,1
4892,1
4893,1
4894,0
4895,1
4896,1
4897,1
4898,0
4899,1
4900,1
4901,0
4902,0
4903,1
4904,0
4905,1
4906,0
4907,1
4908,0
4909,1
4910,0
4911,1
4912,1
4913,1
4914,0
4915,0
4916,0
4917,1
4918,0
4919,1
4920,0
4921,1
4922,1
4923,0
4924,1
4925,1
4926,1
4927,0
4928,0
4929,0
4930,0
4931,1
4932,1
4933,0
4934,1
4935,1
4936,1
4937,0
4938,1
4939,0
4940,1
4941,1
4942,1
4943,1
4944,1
4945,0
4946,1
4947,0
4948,0
4949,1
4950,1
4951,0
4952,1
4953,0
4954,1
4955,1
4956,1
4957,1
4958,0
4959,1
4960,1
4961,1
4962,0
4963,1
4964,0
4965,1
4966,0
4967,1
4968,0
4969,1
4970,0
4971,0
4972,1
4973,0
4974,0
4975,0
4976,0
4977,0
4978,0
4979,0
4980,0
4981,0
4982,1
4983,1
4984,1
4985,0
4986,0
4987,1
4988,0
4989,1
4990,0
4991,1
4992,0
4993,1
4994,0
4995,0
4996,1
4997,0
4998,0
4999,1
5000,1
5001,0
5002,1
5003,0
5004,0
5005,0
5006,1
5007,0
5008,0
5009,1
5010,1
5011,1
5012,1
5013,1
5014,1
5015,1
5016,0
5017,1
5018,1
5019,1
5020,1
5021,1
5022,1
5023,0
5024,1
5025,0
5026,0
5027,1
5028,0
5029,1
5030,1
5031,0
5032,1
5033,1
5034,1
5035,0
5036,0
5037,1
5038,0
5039,1
5040,1
5041,0
5042,0
5043,1
5044,1
5045,0
5046,1
5047,1
5048,0
5049,1
5050,0
5051,0
5052,0
5053,0
5054,1
5055,1
5056,1
5057,0
5058,1
5059,1
5060,1
5061,1
5062,1
5063,1
5064,1
5065,1
5066,1
5067,1
5068,0
5069,1
5070,0
5071,0
5072,1
5073,1
5074,0
5075,0
5076,1
5077,0
5078,1
5079,1
5080,1
5081,1
5082,1
5083,0
5084,1
5085,1
5086,0
5087,1
5088,1
5089,1
5090,0
5091,0
5092,1
5093,1
5094,1
5095,0
5096,1
5097,1
5098,0
5099,0
5100,0
5101,1
5102,0
5103,1
5104,1
5105,0
5106,0
5107,1
5108,1
5109,0
5110,1
5111,1
5112,1
5113,1
5114,1
5115,1
5116,1
5117,0
5118,1
5119,0
5120,0
5121,0
5122,0
5123,1
5124,1
5125,0
5126,0
5127,1
5128,0
5129,1
5130,0
5131,0
5132,1
5133,1
5134,0
5135,1
5136,1
5137,0
5138,1
5139,1
5140,1
5141,1
5142,0
5143,1
5144,0
5145,0
5146,0
5147,1
5148,1
5149,0
5150,1
5151,1
5152,0
5153,0
5154,0
5155,1
5156,1
5157,0
5158,1
5159,0
5160,0
5161,0
5162,0
5163,1
5164,0
5165,0
5166,1
5167,1
5168,0
5169,1
5170,0
5171,1
5172,1
5173,0
5174,1
5175,1
5176,1
5177,1
5178,1
5179,1
5180,1
5181,1
5182,0
5183,0
5184,1
5185,1
5186,1
5187,1
5188,0
5189,1
5190,1
5191,0
5192,0
5193,0
5194,1
5195,1
5196,0
5197,1
5198,0
5199,0
5200,0
5201,1
5202,0
5203,1
5204,0
5205,1
5206,0
5207,0
5208,0
5209,1
5210,0
5211,0
5212,1
5213,1
5214,0
5215,1
5216,0
5217,0
5218,0
5219,1
5220,1
5221,1
5222,0
5223,1
5224,1
5225,0
5226,1
5227,1
5228,1
5229,1
5230,0
5231,0
5232,1
5233,1
5234,0
5235,1
5236,0
5237,0
5238,1
5239,0
5240,0
5241,1
5242,1
5243,0
5244,0
5245,1
5246,0
5247,0
5248,0
5249,1
5250,1
5251,0
5252,0
5253,1
5254,0
5255,1
5256,1
5257,0
5258,0
5259,1
5260,1
5261,1
5262,1
5263,1
5264,1
5265,1
5266,1
5267,1
5268,0
5269,0
5270,1
5271,0
5272,0
5273,1
5274,0
5275,0
5276,0
5277,0
5278,0
5279,1
5280,0
5281,1
5282,1
5283,0
5284,1
5285,0
5286,0
5287,1
5288,1
5289,1
5290,0
5291,1
5292,0
5293,0
5294,1
5295,1
5296,1
5297,1
5298,1
5299,1
5300,0
5301,1
5302,1
5303,0
5304,1
5305,1
5306,0
5307,0
5308,1
5309,1
5310,1
5311,1
5312,1
5313,0
5314,1
5315,0
5316,1
5317,1
5318,1
5319,0
5320,0
5321,0
5322,0
5323,0
5324,0
5325,1
5326,1
5327,0
5328,1
5329,1
5330,0
5331,1
5332,1
5333,1
5334,0
5335,0
5336,0
5337,0
5338,0
5339,1
5340,0
5341,1
5342,1
5343,1
5344,1
5345,0
5346,0
5347,0
5348,1
5349,1
5350,1
5351,1
5352,1
5353,1
5354,1
5355,1
5356,0
5357,0
5358,0
5359,1
5360,0
5361,0
5362,1
5363,1
5364,0
5365,1
5366,0
5367,0
5368,0
5369,1
5370,0
5371,0
5372,1
5373,0
5374,1
5375,1
5376,0
5377,0
5378,1
5379,1
5380,1
5381,1
5382,0
5383,0
5384,1
5385,1
5386,1
5387,1
5388,0
5389,0
5390,0
5391,1
5392,1
5393,0
5394,1
5395,0
5396,1
5397,0
5398,0
5399,1
5400,0
5401,1
5402,0
5403,0
5404,0
5405,0
5406,0
5407,1
5408,1
5409,0
5410,1
5411,0
5412,0
5413,1
5414,0
5415,0
5416,0
5417,0
5418,0
5419,1
5420,0
5421,0
5422,1
5423,0
5424,1
5425,1
5426,0
5427,1
5428,1
5429,1
5430,1
5431,0
5432,1
5433,1
5434,1
5435,0
5436,0
5437,0
5438,0
5439,1
5440,0
5441,1
5442,1
5443,1
5444,0
5445,0
5446,1
5447,1
5448,0
5449,1
5450,0
5451,0
5452,1
5453,0
5454,1
5455,0
5456,1
5457,0
5458,1
5459,0
5460,1
5461,1
5462,1
5463,0
5464,1
5465,1
5466,1
5467,1
5468,1
5469,0
5470,0
5471,1
5472,0
5473,1
5474,1
5475,0
5476,1
5477,1
5478,1
5479,1
5480,0
5481,0
5482,0
5483,1
5484,1
5485,0
5486,1
5487,0
5488,1
5489,1
5490,0
5491,0
5492,0
5493,1
5494,0
5495,1
5496,0
5497,1
5498,1
5499,1
5500,1
5501,1
5502,1
5503,1
5504,0
5505,1
5506,0
5507,0
5508,1
5509,1
5510,1
5511,1
5512,1
5513,1
5514,1
5515,1
5516,1
5517,1
5518,0
5519,0
5520,1
5521,0
5522,0
5523,0
5524,1
5525,1
5526,0
5527,1
5528,0
5529,1
5530,1
5531,0
5532,1
5533,0
5534,1
5535,0
5536,0
5537,0
5538,1
5539,0
5540,1
5541,1
5542,0
5543,1
5544,0
5545,1
5546,1
5547,0
5548,0
5549,0
5550,1
5551,1
5552,1
5553,0
5554,1
5555,0
5556,1
5557,0
5558,0
5559,0
5560,1
5561,0
5562,1
5563,1
5564,1
5565,0
5566,1
5567,0
5568,0
5569,1
5570,1
5571,1
5572,1
5573,0
5574,0
5575,1
5576,1
5577,1
5578,0
5579,1
5580,0
5581,0
5582,1
5583,1
5584,0
5585,1
5586,0
5587,0
5588,1
5589,1
5590,0
5591,1
5592,0
5593,1
5594,0
5595,1
5596,0
5597,0
5598,0
5599,1
5600,1
5601,1
5602,1
5603,0
5604,1
5605,1
5606,1
5607,0
5608,1
5609,0
5610,1
5611,0
5612,0
5613,1
5614,0
5615,0
5616,1
5617,1
5618,0
5619,0
5620,1
5621,0
5622,0
5623,1
5624,1
5625,1
5626,1
5627,1
5628,1
5629,0
5630,0
5631,1
5632,1
5633,1
5634,0
5635,1
5636,1
5637,1
5638,1
5639,0
5640,1
5641,1
5642,0
5643,0
5644,1
5645,0
5646,0
5647,1
5648,1
5649,1
5650,0
5651,1
5652,1
5653,0
5654,1
5655,0
5656,1
5657,1
5658,0
5659,0
5660,1
5661,1
5662,0
5663,1
5664,1
5665,1
5666,1
5667,1
5668,0
5669,1
5670,0
5671,0
5672,1
5673,1
5674,1
5675,1
5676,1
5677,1
5678,0
5679,1
5680,1
5681,1
5682,1
5683,1
5684,1
5685,0
5686,1
5687,1
5688,0
5689,1
5690,0
5691,0
5692,1
5693,1
5694,0
5695,1
5696,1
5697,1
5698,0
5699,0
5700,0
5701,1
5702,0
5703,0
5704,1
5705,1
5706,0
5707,1
5708,0
5709,0
5710,0
5711,1
5712,1
5713,1
5714,0
5715,0
5716,0
5717,0
5718,1
5719,1
5720,1
5721,1
5722,0
5723,1
5724,0
5725,1
5726,1
5727,0
5728,1
5729,1
5730,0
5731,0
5732,1
5733,0
5734,1
5735,1
5736,1
5737,1
5738,0
5739,1
5740,0
5741,1
5742,1
5743,1
5744,0
5745,1
5746,1
5747,1
5748,1
5749,0
5750,0
5751,1
5752,0
5753,1
5754,0
5755,0
5756,0
5757,0
5758,1
5759,1
5760,0
5761,1
5762,0
5763,0
5764,1
5765,0
5766,1
5767,1
5768,0
5769,0
5770,0
5771,1
5772,0
5773,0
5774,1
5775,0
5776,1
5777,1
5778,1
5779,1
5780,0
5781,1
5782,1
5783,1
5784,1
5785,1
5786,1
5787,1
5788,0
5789,1
5790,0
5791,0
5792,0
5793,0
5794,1
5795,1
5796,1
5797,0
5798,0
5799,1
5800,0
5801,1
5802,0
5803,1
5804,0
5805,1
5806,1
5807,1
5808,0
5809,1
5810,1
5811,0
5812,1
5813,0
5814,1
5815,1
5816,1
5817,1
5818,0
5819,1
5820,1
5821,1
5822,0
5823,1
5824,1
5825,1
5826,1
5827,1
5828,1
5829,1
5830,1
5831,1
5832,0
5833,1
5834,1
5835,0
5836,0
5837,0
5838,1
5839,0
5840,1
5841,0
5842,0
5843,0
5844,0
5845,1
5846,0
5847,0
5848,0
5849,1
5850,0
5851,0
5852,1
5853,1
5854,0
5855,0
5856,0
5857,0
5858,0
5859,0
5860,0
5861,1
5862,1
5863,1
5864,1
5865,0
5866,1
5867,1
5868,0
5869,1
5870,0
5871,0
5872,1
5873,0
5874,1
5875,1
5876,0
5877,1
5878,1
5879,1
5880,0
5881,1
5882,0
5883,0
5884,1
5885,1
5886,0
5887,0
5888,1
5889,1
5890,1
5891,1
5892,1
5893,0
5894,0
5895,1
5896,0
5897,0
5898,1
5899,1
5900,1
5901,0
5902,1
5903,0
5904,1
5905,0
5906,0
5907,1
5908,1
5909,1
5910,1
5911,0
5912,0
5913,0
5914,1
5915,0
5916,0
5917,1
5918,0
5919,1
5920,0
5921,0
5922,1
5923,1
5924,0
5925,0
5926,1
5927,1
5928,1
5929,1
5930,1
5931,1
5932,0
5933,1
5934,0
5935,1
5936,0
5937,1
5938,1
5939,1
5940,1
5941,0
5942,1
5943,1
5944,1
5945,0
5946,1
5947,1
5948,0
5949,1
5950,1
5951,1
5952,1
5953,0
5954,1
5955,0
5956,0
5957,1
5958,1
5959,0
5960,1
5961,0
5962,0
5963,1
5964,1
5965,0
5966,1
5967,1
5968,0
5969,1
5970,0
5971,1
5972,0
5973,0
5974,1
5975,1
5976,0
5977,0
5978,0
5979,0
5980,1
5981,0
5982,0
5983,1
5984,1
5985,1
5986,1
5987,1
5988,1
5989,0
5990,1
5991,1
5992,1
5993,1
5994,1
5995,1
5996,0
5997,0
5998,0
5999,1
6000,1
6001,0
6002,1
6003,1
6004,0
6005,0
6006,1
6007,1
6008,0
6009,0
6010,0
6011,1
6012,1
6013,1
6014,1
6015,1
6016,1
6017,1
6018,0
6019,1
6020,0
6021,1
6022,1
6023,0
6024,1
6025,0
6026,1
6027,0
6028,1
6029,1
6030,0
6031,1
6032,1
6033,1
6034,1
6035,1
6036,0
6037,1
6038,0
6039,0
6040,0
6041,1
6042,1
6043,0
6044,0
6045,0
6046,0
6047,1
6048,1
6049,1
6050,0
6051,1
6052,0
6053,0
6054,0
6055,0
6056,1
6057,0
6058,0
6059,1
6060,1
6061,1
6062,1
6063,0
6064,1
6065,0
6066,0
6067,0
6068,0
6069,1
6070,1
6071,1
6072,1
6073,1
6074,0
6075,1
6076,1
6077,0
6078,0
6079,0
6080,0
6081,1
6082,0
6083,1
6084,1
6085,1
6086,0
6087,0
6088,1
6089,1
6090,1
6091,0
6092,1
6093,0
6094,0
6095,1
6096,0
6097,1
6098,0
6099,1
6100,0
6101,1
6102,0
6103,1
6104,1
6105,0
6106,1
6107,1
6108,1
6109,1
6110,0
6111,1
6112,1
6113,0
6114,0
6115,1
6116,1
6117,0
6118,0
6119,1
6120,0
6121,1
6122,1
6123,0
6124,0
6125,1
6126,1
6127,1
6128,0
6129,1
6130,0
6131,0
6132,1
6133,0
6134,1
6135,1
6136,1
6137,0
6138,0
6139,1
6140,1
6141,1
6142,0
6143,0
6144,1
6145,1
6146,0
6147,0
6148,1
6149,0
6150,1
6151,0
6152,0
6153,0
6154,1
6155,1
6156,1
6157,1
6158,1
6159,1
6160,0
6161,1
6162,0
6163,0
6164,1
6165,0
6166,1
6167,1
6168,1
6169,0
6170,0
6171,0
6172,0
6173,1
6174,0
6175,0
6176,1
6177,0
6178,0
6179,0
6180,1
6181,0
6182,0
6183,1
6184,0
6185,0
6186,1
6187,1
6188,1
6189,1
6190,1
6191,1
6192,1
6193,0
6194,0
6195,0
6196,0
6197,0
6198,1
6199,1
6200,0
6201,1
6202,0
6203,1
6204,0
6205,1
6206,1
6207,0
6208,0
6209,1
6210,1
6211,0
6212,1
6213,0
6214,0
6215,1
6216,1
6217,0
6218,0
6219,1
6220,1
6221,1
6222,1
6223,0
6224,0
6225,1
6226,0
6227,0
6228,1
6229,0
6230,1
6231,0
6232,1
6233,1
6234,1
6235,0
6236,1
6237,0
6238,1
6239,1
6240,1
6241,1
6242,0
6243,0
6244,1
6245,0
6246,1
6247,0
6248,1
6249,1
6250,1
6251,0
6252,1
6253,1
6254,1
6255,0
6256,0
6257,1
6258,0
6259,1
6260,1
6261,1
6262,0
6263,1
6264,1
6265,1
6266,0
6267,1
6268,0
6269,0
6270,1
6271,1
6272,0
6273,0
6274,0
6275,1
6276,1
6277,0
6278,1
6279,0
6280,1
6281,1
6282,1
6283,1
6284,1
6285,1
6286,0
6287,1
6288,1
6289,0
6290,1
6291,0
6292,1
6293,0
6294,0
6295,0
6296,1
6297,1
6298,0
6299,1
6300,1
6301,0
6302,0
6303,0
6304,0
6305,0
6306,0
6307,0
6308,0
6309,0
6310,1
6311,1
6312,0
6313,0
6314,1
6315,1
6316,1
6317,0
6318,0
6319,0
6320,1
6321,0
6322,0
6323,0
6324,1
6325,0
6326,0
6327,1
6328,1
6329,1
6330,0
6331,0
6332,1
6333,0
6334,0
6335,1
6336,1
6337,0
6338,1
6339,1
6340,0
6341,0
6342,0
6343,1
6344,1
6345,1
6346,1
6347,1
6348,0
6349,1
6350,0
6351,0
6352,1
6353,1
6354,0
6355,1
6356,0
6357,1
6358,1
6359,1
6360,0
6361,0
6362,0
6363,0
6364,0
6365,0
6366,1
6367,0
6368,0
6369,0
6370,0
6371,1
6372,1
6373,1
6374,0
6375,1
6376,1
6377,0
6378,0
6379,1
6380,1
6381,1
6382,1
6383,1
6384,1
6385,0
6386,0
6387,1
6388,1
6389,0
6390,1
6391,1
6392,1
6393,0
6394,1
6395,1
6396,1
6397,1
6398,1
6399,1
6400,0
6401,0
6402,0
6403,1
6404,0
6405,0
6406,0
6407,1
6408,1
6409,1
6410,0
6411,1
6412,0
6413,0
6414,0
6415,1
6416,0
6417,0
6418,0
6419,1
6420,0
6421,1
6422,0
6423,0
6424,1
6425,0
6426,0
6427,1
6428,0
6429,0
6430,1
6431,1
6432,1
6433,1
6434,0
6435,1
6436,1
6437,0
6438,1
6439,1
6440,1
6441,1
6442,0
6443,0
6444,0
6445,0
6446,0
6447,0
6448,1
6449,0
6450,1
6451,0
6452,1
6453,0
6454,0
6455,0
6456,0
6457,1
6458,1
6459,1
6460,0
6461,1
6462,0
6463,0
6464,1
6465,0
6466,1
6467,0
6468,1
6469,1
6470,1
6471,1
6472,1
6473,1
6474,1
6475,1
6476,1
6477,0
6478,1
6479,1
6480,0
6481,0
6482,0
6483,1
6484,0
6485,1
6486,0
6487,1
6488,1
6489,0
6490,0
6491,0
6492,1
6493,1
6494,1
6495,0
6496,1
6497,1
6498,1
6499,1
6500,1
6501,0
6502,0
6503,1
6504,1
6505,1
6506,0
6507,0
6508,1
6509,0
6510,1
6511,1
6512,1
6513,1
6514,0
6515,1
6516,0
6517,1
6518,1
6519,1
6520,1
6521,1
6522,1
6523,0
6524,1
6525,1
6526,1
6527,0
6528,1
6529,1
6530,0
6531,1
6532,1
6533,0
6534,0
6535,0
6536,1
6537,1
6538,1
6539,1
6540,1
6541,1
6542,0
6543,0
6544,0
6545,0
6546,1
6547,0
6548,1
6549,0
6550,0
6551,0
6552,0
6553,1
6554,1
6555,0
6556,1
6557,1
6558,1
6559,0
6560,0
6561,1
6562,0
6563,1
6564,1
6565,1
6566,1
6567,0
6568,1
6569,0
6570,0
6571,0
6572,1
6573,1
6574,0
6575,1
6576,0
6577,1
6578,1
6579,0
6580,1
6581,1
6582,1
6583,0
6584,1
6585,0
6586,1
6587,1
6588,1
6589,1
6590,0
6591,1
6592,0
6593,0
6594,1
6595,1
6596,0
6597,1
6598,1
6599,1
6600,1
6601,1
6602,1
6603,1
6604,0
6605,0
6606,1
6607,0
6608,0
6609,0
6610,1
6611,0
6612,1
6613,0
6614,0
6615,1
6616,1
6617,0
6618,1
6619,0
6620,0
6621,1
6622,0
6623,1
6624,1
6625,1
6626,1
6627,0
6628,1
6629,0
6630,1
6631,1
6632,0
6633,1
6634,0
6635,0
6636,1
6637,1
6638,0
6639,0
6640,1
6641,1
6642,0
6643,0
6644,0
6645,0
6646,0
6647,0
6648,1
6649,1
6650,0
6651,0
6652,0
6653,1
6654,1
6655,1
6656,0
6657,0
6658,1
6659,1
6660,1
6661,0
6662,1
6663,0
6664,0
6665,1
6666,1
6667,0
6668,0
6669,0
6670,1
6671,1
6672,1
6673,1
6674,1
6675,1
6676,0
6677,0
6678,1
6679,0
6680,1
6681,0
6682,1
6683,1
6684,1
6685,1
6686,1
6687,1
6688,1
6689,1
6690,1
6691,0
6692,1
6693,0
6694,1
6695,0
6696,1
6697,1
6698,0
6699,1
6700,0
6701,0
6702,1
6703,1
6704,1
6705,1
6706,1
6707,1
6708,0
6709,0
6710,1
6711,1
6712,0
6713,1
6714,1
6715,0
6716,1
6717,0
6718,0
6719,1
6720,0
6721,0
6722,0
6723,0
6724,1
6725,1
6726,1
6727,1
6728,0
6729,1
6730,0
6731,0
6732,1
6733,0
6734,0
6735,1
6736,0
6737,0
6738,0
6739,0
6740,1
6741,1
6742,1
6743,1
6744,0
6745,0
6746,0
6747,0
6748,1
6749,0
6750,0
6751,1
6752,1
6753,1
6754,1
6755,0
6756,1
6757,0
6758,0
6759,1
6760,0
6761,0
6762,1
6763,0
6764,1
6765,0
6766,1
6767,1
6768,1
6769,0
6770,1
6771,0
6772,1
6773,1
6774,1
6775,1
6776,1
6777,0
6778,1
6779,0
6780,1
6781,0
6782,1
6783,0
6784,0
6785,1
6786,0
6787,1
6788,1
6789,0
6790,1
6791,1
6792,0
6793,1
6794,1
6795,0
6796,1
6797,1
6798,1
6799,0
6800,1
6801,0
6802,1
6803,0
6804,0
6805,1
6806,1
6807,1
6808,1
6809,1
6810,1
6811,0
6812,1
6813,1
6814,0
6815,0
6816,1
6817,0
6818,1
6819,1
6820,1
6821,1
6822,1
6823,0
6824,1
6825,1
6826,0
6827,0
6828,1
6829,0
6830,1
6831,0
6832,0
6833,0
6834,1
6835,0
6836,1
6837,0
6838,1
6839,0
6840,0
6841,1
6842,0
6843,1
6844,0
6845,1
6846,0
6847,0
6848,1
6849,0
6850,0
6851,0
6852,1
6853,1
6854,1
6855,0
6856,0
6857,1
6858,0
6859,1
6860,0
6861,0
6862,0
6863,0
6864,1
6865,1
6866,0
6867,1
6868,0
6869,0
6870,1
6871,0
6872,0
6873,0
6874,0
6875,1
6876,1
6877,1
6878,0
6879,0
6880,0
6881,0
6882,0
6883,0
6884,0
6885,1
6886,0
6887,1
6888,1
6889,1
6890,1
6891,0
6892,1
6893,0
6894,0
6895,1
6896,1
6897,1
6898,0
6899,1
6900,1
6901,0
6902,0
6903,0
6904,0
6905,1
6906,0
6907,0
6908,1
6909,1
6910,0
6911,0
6912,1
6913,1
6914,0
6915,1
6916,0
6917,0
6918,1
6919,1
6920,1
6921,1
6922,0
6923,1
6924,1
6925,0
6926,0
6927,0
6928,1
6929,1
6930,0
6931,1
6932,0
6933,0
6934,1
6935,0
6936,0
6937,0
6938,1
6939,1
6940,0
6941,0
6942,1
6943,0
6944,0
6945,1
6946,0
6947,1
6948,1
6949,0
6950,0
6951,0
6952,1
6953,0
6954,0
6955,1
6956,0
6957,0
6958,1
6959,0
6960,1
6961,0
6962,0
6963,1
6964,0
6965,1
6966,0
6967,1
6968,0
6969,0
6970,0
6971,0
6972,1
6973,0
6974,1
6975,0
6976,1
6977,1
6978,0
6979,0
6980,1
6981,1
6982,0
6983,0
6984,0
6985,1
6986,1
6987,1
6988,1
6989,0
6990,1
6991,0
6992,1
6993,1
6994,1
6995,0
6996,0
6997,0
6998,0
6999,0
7000,0
7001,0
7002,1
7003,1
7004,1
7005,0
7006,1
7007,0
7008,0
7009,0
7010,1
7011,0
7012,0
7013,1
7014,0
7015,1
7016,1
7017,0
7018,0
7019,1
7020,0
7021,1
7022,1
7023,1
7024,1
7025,1
7026,0
7027,0
7028,1
7029,1
7030,1
7031,0
7032,0
7033,0
7034,0
7035,0
7036,1
7037,1
7038,1
7039,1
7040,1
7041,1
7042,1
7043,0
7044,1
7045,0
7046,0
7047,0
7048,1
7049,0
7050,0
7051,0
7052,1
7053,1
7054,1
7055,1
7056,1
7057,1
7058,1
7059,1
7060,1
7061,1
7062,0
7063,0
7064,1
7065,0
7066,1
7067,0
7068,0
7069,0
7070,1
7071,1
7072,1
7073,1
7074,1
7075,1
7076,1
7077,1
7078,1
7079,1
7080,1
7081,0
7082,1
7083,1
7084,1
7085,0
7086,1
7087,1
7088,1
7089,0
7090,1
7091,1
7092,0
7093,1
7094,0
7095,1
7096,0
7097,0
7098,0
7099,1
7100,1
7101,0
7102,0
7103,0
7104,1
7105,0
7106,0
7107,1
7108,0
7109,1
7110,1
7111,0
7112,1
7113,1
7114,1
7115,1
7116,0
7117,1
7118,0
7119,1
7120,1
7121,1
7122,0
7123,1
7124,1
7125,1
7126,1
7127,1
7128,0
7129,0
7130,0
7131,0
7132,0
7133,1
7134,0
7135,0
7136,1
7137,0
7138,1
7139,1
7140,1
7141,0
7142,1
7143,0
7144,0
7145,1
7146,0
7147,1
7148,1
7149,1
7150,1
7151,1
7152,1
7153,1
7154,1
7155,1
7156,1
7157,0
7158,1
7159,1
7160,1
7161,1
7162,0
7163,1
7164,0
7165,0
7166,0
7167,1
7168,0
7169,1
7170,0
7171,1
7172,1
7173,1
7174,1
7175,0
7176,0
7177,0
7178,0
7179,1
7180,0
7181,1
7182,1
7183,0
7184,0
7185,0
7186,0
7187,1
7188,0
7189,0
7190,1
7191,0
7192,1
7193,0
7194,1
7195,0
7196,1
7197,1
7198,1
7199,0
7200,0
7201,1
7202,1
7203,0
7204,1
7205,0
7206,0
7207,0
7208,0
7209,1
7210,1
7211,0
7212,0
7213,1
7214,0
7215,0
7216,1
7217,1
7218,0
7219,0
7220,1
7221,1
7222,1
7223,1
7224,1
7225,0
7226,0
7227,1
7228,0
7229,1
7230,1
7231,0
7232,0
7233,1
7234,1
7235,0
7236,0
7237,1
7238,1
7239,0
7240,1
7241,1
7242,1
7243,1
7244,1
7245,0
7246,1
7247,0
7248,1
7249,1
7250,0
7251,1
7252,1
7253,0
7254,0
7255,1
7256,0
7257,0
7258,0
7259,0
7260,1
7261,0
7262,1
7263,0
7264,1
7265,1
7266,0
7267,1
7268,0
7269,0
7270,0
7271,0
7272,1
7273,1
7274,0
7275,1
7276,0
7277,0
7278,0
7279,1
7280,1
7281,0
7282,1
7283,0
7284,1
7285,1
7286,0
7287,0
7288,0
7289,1
7290,1
7291,1
7292,0
7293,1
7294,1
7295,0
7296,0
7297,1
7298,0
7299,0
7300,0
7301,0
7302,1
7303,0
7304,1
7305,1
7306,1
7307,1
7308,1
7309,1
7310,1
7311,1
7312,0
7313,0
7314,1
7315,0
7316,1
7317,1
7318,1
7319,1
7320,0
7321,1
7322,0
7323,1
7324,1
7325,1
7326,0
7327,1
7328,0
7329,0
7330,1
7331,0
7332,0
7333,0
7334,1
7335,0
7336,1
7337,1
7338,0
7339,0
7340,0
7341,0
7342,0
7343,0
7344,1
7345,1
7346,1
7347,0
7348,1
7349,0
7350,1
7351,1
7352,0
7353,1
7354,0
7355,1
7356,1
7357,1
7358,1
7359,0
7360,0
7361,1
7362,0
7363,1
7364,1
7365,1
7366,1
7367,0
7368,0
7369,0
7370,1
7371,1
7372,1
7373,0
7374,1
7375,0
7376,1
7377,0
7378,0
7379,0
7380,0
7381,0
7382,1
7383,1
7384,0
7385,1
7386,1
7387,1
7388,0
7389,0
7390,0
7391,0
7392,0
7393,1
7394,0
7395,0
7396,1
7397,1
7398,1
7399,0
7400,1
7401,0
7402,1
7403,0
7404,0
7405,1
7406,0
7407,1
7408,1
7409,1
7410,0
7411,1
7412,1
7413,1
7414,1
7415,1
7416,1
7417,0
7418,1
7419,0
7420,1
7421,1
7422,0
7423,1
7424,0
7425,0
7426,1
7427,1
7428,0
7429,0
7430,0
7431,1
7432,1
7433,1
7434,0
7435,0
7436,1
7437,1
7438,1
7439,0
7440,1
7441,1
7442,1
7443,0
7444,1
7445,1
7446,0
7447,0
7448,1
7449,1
